,datetime,title,source,link
0,11/22/2016 7:08:20 AM,BRIEF-Copart reports Q1 earnings per share $1.41 (CPRT),Reuters,http://www.businessinsider.com/r-brief-copart-reports-q1-earnings-per-share-141-2016-11
1,12/15/2016 6:46:03 PM,"BRIEF-Copart says co announces expansion of its Abilene, Texas location (CPRT)",Reuters,http://www.businessinsider.com/r-brief-copart-says-co-announces-expansion-of-its-abilene-texas-location-2016-12
2,2/22/2017 12:13:43 AM,Copart Inc. Q2 Income Climbs 22%,RTTNews,/news/stocks/copart-inc-q2-income-climbs-22-1001770233
3,2/22/2017 1:58:14 AM,BRIEF-Copart Q2 non-GAAP EPS $0.58 excluding items (CPRT),Reuters,http://www.businessinsider.com/r-brief-copart-q2-non-gaap-eps-058-excluding-items-2017-2
4,2/28/2017 1:00:00 PM,Copart Announces the Opening of Its Fifth Illinois Location,PR Newswire,/news/stocks/copart-announces-the-opening-of-its-fifth-illinois-location-1001789562
5,3/7/2017 1:00:00 PM,Copart Announces Purchase of Its 14th Location in Florida,PR Newswire,/news/stocks/copart-announces-purchase-of-its-14th-location-in-florida-1001810591
6,3/20/2017 12:00:00 PM,Copart Announces the Opening of Its Second Location in Utah,PR Newswire,/news/stocks/copart-announces-the-opening-of-its-second-location-in-utah-1001849440
7,3/23/2017 8:00:00 PM,"Copart Opens Its 15th Location in California, 200th Location Globally",PR Newswire,/news/stocks/copart-opens-its-15th-location-in-california-200th-location-globally-1001863606
8,3/27/2017 8:00:00 PM,Copart Celebrates Its 35th Anniversary as a Leader in Auto Remarketing and Online Vehicle Auctions,PR Newswire,/news/stocks/copart-celebrates-its-35th-anniversary-as-a-leader-in-auto-remarketing-and-online-vehicle-auctions-1001871154
9,4/2/2017 12:45:00 PM,Copart and Al Ahlia Insurance Sign Strategic Agreement,PR Newswire,/news/stocks/copart-and-al-ahlia-insurance-sign-strategic-agreement-1001887976
10,4/2/2017 12:45:00 PM,Copart and Al Ahlia Insurance Sign Strategic Agreement,PR Newswire,/news/stocks/copart-and-al-ahlia-insurance-sign-strategic-agreement-1001887975
11,4/7/2017 1:30:00 PM,Copart Updates Mobile App for Enhanced Online Bidding Experience,PR Newswire,/news/stocks/copart-updates-mobile-app-for-enhanced-online-bidding-experience-1001906367
12,4/11/2017 1:30:00 PM,Copart Announces the Opening of Its Sixth Brazil Location,PR Newswire,/news/stocks/copart-announces-the-opening-of-its-sixth-brazil-location-1001913448
13,4/17/2017 12:10:00 PM,"How These Auto Dealerships Stocks are Faring? -- CarMax, AutoNation, Copart, and Penske Automotive",PR Newswire,/news/stocks/how-these-auto-dealerships-stocks-are-faring-carmax-autonation-copart-and-penske-automotive-1001923706
14,4/26/2017 8:30:00 AM,"South African Telecommunications Providers Bolster ICT Services Portfolio through IoT, VOD, and mCommerce Offerings",PR Newswire,/news/stocks/south-african-telecommunications-providers-bolster-ict-services-portfolio-through-iot-vod-and-mcommerce-offerings-1001608045
15,5/25/2017 12:15:12 AM,Copart Inc. Profit Advances 16% In Q3,RTTNews,/news/stocks/copart-inc-profit-advances-16-in-q3-1002041524
16,6/5/2017 12:30:00 PM,"Today's Research Report Coverage on Auto Dealerships Stocks -- CarMax, AutoNation, China Auto Logistics, and Copart",PR Newswire,/news/stocks/today-s-research-report-coverage-on-auto-dealerships-stocks-carmax-autonation-china-auto-logistics-and-copart-1002066732
17,6/13/2017 12:38:05 AM,BRIEF-Copart acquires National Powersport Auctions (CPRT),Reuters,http://www.businessinsider.com/r-brief-copart-acquires-national-powersport-auctions-2017-6
18,7/26/2017 12:30:00 PM,"Today's Research Report Coverage on Auto Dealerships Stocks -- Carvana, China Auto Logistics, Copart, and Penske Automotive",PR Newswire,/news/stocks/today-s-research-report-coverage-on-auto-dealerships-stocks-carvana-china-auto-logistics-copart-and-penske-automotive-1002205295
19,8/14/2017 1:30:00 PM,"Copart Opens New Location in Andrews, Texas",PR Newswire,/news/stocks/copart-opens-new-location-in-andrews-texas-1002255005
20,8/22/2017 1:30:00 PM,"Copart Expands Its Locations Near Little Rock and Fayetteville, Arkansas",PR Newswire,/news/stocks/copart-expands-its-locations-near-little-rock-and-fayetteville-arkansas-1002274856
21,8/29/2017 12:15:00 PM,"Technical Snapshots for These Auto Dealerships Stocks -- Cars.com, AutoNation, CarMax, and Copart",PR Newswire,/news/stocks/technical-snapshots-for-these-auto-dealerships-stocks-cars-com-autonation-carmax-and-copart-1002290839
22,9/5/2017 1:30:00 PM,"Copart Announces Expansion of Its Location near Minneapolis, Minnesota",PR Newswire,/news/stocks/copart-announces-expansion-of-its-location-near-minneapolis-minnesota-1002308308
23,9/12/2017 12:24:00 AM,LyondellBasell Celebrates 18th Annual Global Care Day,PR Newswire,/news/stocks/lyondellbasell-celebrates-18th-annual-global-care-day-1001998897
24,9/14/2017 1:30:00 PM,"Copart Announces Expansion of Its New Orleans, Louisiana Location",PR Newswire,/news/stocks/copart-announces-expansion-of-its-new-orleans-louisiana-location-1002369916
25,9/20/2017 12:08:30 AM,Copart Inc. Q4 Earnings Rise 20%,RTTNews,/news/stocks/copart-inc-q4-earnings-rise-20-1002384801
26,9/20/2017 12:17:04 AM,BRIEF-Copart reports Q4 earnings per share $0.30 (CPRT),Reuters,http://www.businessinsider.com/r-brief-copart-reports-q4-earnings-per-share-030-2017-9
27,9/28/2017 9:02:14 PM,"Storm sales boost gives U.S. carmakers chance to cut oversupply (GPI, GM, F, CPRT, KAR, KMX)",Reuters,http://www.businessinsider.com/r-storm-sales-boost-gives-us-carmakers-chance-to-cut-oversupply-2017-9
28,10/4/2017 3:00:00 PM,Amazon Web Service Earns Frost & Sullivan's 2017 Competitive Strategy Innovation and Leadership Award for Its AWS Partner Network,PR Newswire,/news/stocks/amazon-web-service-earns-frost-sullivan-s-2017-competitive-strategy-innovation-and-leadership-award-for-its-aws-partner-network-1002058626
29,10/11/2017 1:30:00 PM,"Copart Announces Expansion of Its Reno, Nevada Location",PR Newswire,/news/stocks/copart-announces-expansion-of-its-reno-nevada-location-1003814088
30,10/27/2017 1:30:00 PM,"Copart Adds Acreage in Memphis, Expands Footprint in the Southeast Region of the U.S.",PR Newswire,/news/stocks/copart-adds-acreage-in-memphis-expands-footprint-in-the-southeast-region-of-the-u-s-1005828079
31,11/2/2017 12:30:00 PM,"Copart Announces Expansion of Its Phoenix, Arizona Location",PR Newswire,/news/stocks/copart-announces-expansion-of-its-phoenix-arizona-location-454854
32,11/22/2017 12:08:28 AM,Copart Inc. Profit Rises 16% In Q1,RTTNews,/news/stocks/copart-inc-profit-rises-16-in-q1-1009000006
33,11/22/2017 12:12:03 AM,BRIEF-Copart Q1 earnings per share $0.32 (CPRT),Reuters,http://www.businessinsider.com/r-brief-copart-q1-earnings-per-share-032-2017-11
34,12/14/2017 1:30:00 PM,Copart Announces Expansion of Its Location Near Baton Rouge,PR Newswire,/news/stocks/copart-announces-expansion-of-its-location-near-baton-rouge-1011387079
35,1/9/2018 2:30:00 PM,"San Antonio's Safe Tire Disposal Site to Be Cleared, Repurposed by New Owner, Texas-based Copart, Inc.",PR Newswire,/news/stocks/san-antonio-s-safe-tire-disposal-site-to-be-cleared-repurposed-by-new-owner-texas-based-copart-inc-1012728612
36,2/19/2018 1:30:00 PM,Copart Canada Moves to a New Facility in Calgary,PR Newswire,/news/stocks/copart-canada-moves-to-a-new-facility-in-calgary-1016323434
37,2/22/2018 2:30:00 PM,CVR Energy Reports 2017 Fourth Quarter and Full Year Results And Announces Cash Dividend of 50 Cents,PR Newswire,/news/stocks/cvr-energy-reports-2017-fourth-quarter-and-full-year-results-and-announces-cash-dividend-of-50-cents-1001780969
38,2/26/2018 3:02:19 PM,Copart Inc. Announces Advance In Q2 Earnings,RTTNews,/news/stocks/copart-inc-announces-advance-in-q2-earnings-1017178649
39,3/9/2018 10:16:00 PM,Copart Acquires Nordic Salvage Auto Auction Company,PR Newswire,/news/stocks/copart-acquires-nordic-salvage-auto-auction-company-1018590874
40,4/2/2018 12:56:00 PM,"SHAREHOLDER ALERT: Purcell Julie & Lefkowitz LLP Is Investigating Copart, Inc. for Potential Breaches Of Fiduciary Duty By Its Board of Directors",PR Newswire,/news/stocks/shareholder-alert-purcell-julie-lefkowitz-llp-is-investigating-copart-inc-for-potential-breaches-of-fiduciary-duty-by-its-board-of-directors-1020238007
41,4/3/2018 7:00:00 PM,Copart Announces Expansion of Its Tucson Location,PR Newswire,/news/stocks/copart-announces-expansion-of-its-tucson-location-1020366345
42,4/24/2018 1:30:00 PM,"Copart Announces Expansion of Location Near Minneapolis, Minnesota",PR Newswire,/news/stocks/copart-announces-expansion-of-location-near-minneapolis-minnesota-1022109882
43,5/17/2018 5:00:00 PM,Copart Fulfills New Owner Promise to Clear Hazardous Tires,PR Newswire,/news/stocks/copart-fulfills-new-owner-promise-to-clear-hazardous-tires-1024858341
44,5/24/2018 1:02:21 AM,Copart Inc. Q3 adjusted earnings Beat Estimates,RTTNews,/news/stocks/copart-inc-q3-adjusted-earnings-beat-estimates-1025163922
45,6/11/2018 6:30:00 PM,Copart Announces North Carolina Location Dedicated to Disaster Recovery Response,PR Newswire,/news/stocks/copart-announces-north-carolina-location-dedicated-to-disaster-recovery-response-1026840826
46,6/13/2018 5:00:00 PM,Copart Announces the Launch of Its Fifth Annual Rebuild Challenge,PR Newswire,/news/stocks/copart-announces-the-launch-of-its-fifth-annual-rebuild-challenge-1026934461
47,6/26/2018 4:50:07 AM,Copart To Replace Dr Pepper Snapple Group In S&P 500 ,RTTNews,/news/stocks/copart-to-replace-dr-pepper-snapple-group-in-s-p-500-1027316396
48,9/17/2018 3:01:16 PM,Copart is about to announce its earnings — here's what Wall Street expects,Markets Insider Automation,/news/stocks/copart-stock-quarter-earnings-preview-q4-1027539744
49,9/19/2018 3:11:43 PM,Copart Inc. Q4 adjusted earnings Miss Estimates,RTTNews,/news/stocks/copart-inc-q4-adjusted-earnings-miss-estimates-1027547811
50,9/19/2018 9:49:23 PM,Copart Remains Sharply Lower After Initial Sell-Off ,RTTNews,/news/stocks/copart-remains-sharply-lower-after-initial-sell-off-1027548953
51,11/18/2018 3:01:18 PM,Copart is about to announce its earnings — here's what to expect,Markets Insider Automation,/news/stocks/copart-stock-quarter-earnings-preview-q1-1027736521
52,11/20/2018 11:21:22 PM,Copart Inc. Q1 adjusted earnings of $0.47 per share,RTTNews,/news/stocks/copart-inc-q1-adjusted-earnings-of-0-47-per-share-1027744468
53,2/18/2019 3:01:37 PM,What Wall Street expects from Copart's earnings,Markets Insider Automation,/news/stocks/copart-quarter-earnings-preview-q2-1027960612
54,5/20/2019 3:01:34 PM,Copart earnings preview: what to expect,Markets Insider Automation,/news/stocks/copart-stock-quarter-earnings-preview-q3-1028214520
55,9/2/2019 3:01:17 PM,Here's what Wall Street expects from Copart's earnings report,Markets Insider Automation,/news/stocks/copart-stock-price-q4-earnings-preview-1028491070
56,9/18/2019 8:17:04 PM,The 7 Best S&P 500 Stocks of 2019 So Far,InvestorPlace,/news/stocks/the-top-7-sp-500-stocks-of-2019-so-far-1028536147
57,9/19/2019 6:30:55 PM,10 Excellent Stocks to Watch for 2020 and Beyond,InvestorPlace,/news/stocks/10-excellent-stocks-to-watch-for-2020-and-beyond-1028539735
58,11/21/2019 2:20:54 AM,Copart Q1 Profit Rises ,RTTNews,/news/stocks/copart-q1-profit-rises-1028706255
59,2/18/2020 3:01:37 PM,What Wall Street expects from Copart's earnings,Markets Insider Automation,/news/stocks/copart-q2-quarterly-earnings-preview-1028913873
60,2/18/2020 10:35:49 PM,Copart Q2 2020 Earnings Preview,Seeking Alpha,https://seekingalpha.com/news/3542851-copart-q2-2020-earnings-preview?utm_source=markets.businessinsider.com&utm_medium=referral
61,2/19/2020 10:58:10 PM,"Copart EPS misses by $0.01, misses on revenue",Seeking Alpha,https://seekingalpha.com/news/3543670-copart-eps-misses-0_01-misses-on-revenue?utm_source=markets.businessinsider.com&utm_medium=referral
62,2/20/2020 2:17:20 PM,"VIAC, WIX among premarket losers",Seeking Alpha,https://seekingalpha.com/news/3543951-viac-wix-among-premarket-losers?utm_source=markets.businessinsider.com&utm_medium=referral
63,2/20/2020 3:56:45 PM,Stock Alert: Copart Drops 9% ,RTTNews,/news/stocks/stock-alert-copart-drops-9-1028924273
64,4/7/2020 4:38:31 PM,Stock Alert: Copart Rises 7% ,RTTNews,/news/stocks/stock-alert-copart-rises-7-1029072379
65,5/19/2020 3:01:24 PM,Here's what to expect from Copart's earnings report,Markets Insider Automation,/news/stocks/copart-stock-q3-earnings-preview-1029215060
66,5/19/2020 9:35:32 PM,Notable earnings after Wednesday's close,Seeking Alpha,https://seekingalpha.com/news/3576042-notable-earnings-after-wednesdays-close?utm_source=markets.businessinsider.com&utm_medium=referral
67,5/19/2020 9:35:43 PM,Copart Q3 2020 Earnings Preview,Seeking Alpha,https://seekingalpha.com/news/3576029-copart-q3-2020-earnings-preview?utm_source=markets.businessinsider.com&utm_medium=referral
68,5/20/2020 9:57:22 PM,"Copart EPS misses by $0.05, beats on revenue",Seeking Alpha,https://seekingalpha.com/news/3576602-copart-eps-misses-0_05-beats-on-revenue?utm_source=markets.businessinsider.com&utm_medium=referral
69,9/1/2020 3:01:19 PM,Here's what Wall Street expects from Copart's earnings,Markets Insider Automation,/news/stocks/copart-quarter-earnings-preview-q4-1029552186
70,11/11/2020 6:38:01 PM,"Copart opens new location in Lumberton, North Carolina",Seeking Alpha,https://seekingalpha.com/news/3635075-copart-opens-new-location-in-lumberton-north-carolina?utm_source=markets.businessinsider.com&utm_medium=referral
71,11/17/2020 10:35:27 PM,Notable earnings after Wednesday's close,Seeking Alpha,https://seekingalpha.com/news/3637181-notable-earnings-after-wednesdays-close?utm_source=markets.businessinsider.com&utm_medium=referral
72,11/17/2020 10:35:35 PM,Copart Q1 2021 Earnings Preview,Seeking Alpha,https://seekingalpha.com/news/3637151-copart-q1-2021-earnings-preview?utm_source=markets.businessinsider.com&utm_medium=referral
73,11/18/2020 10:09:30 PM,"Copart EPS beats by $0.09, beats on revenue",Seeking Alpha,https://seekingalpha.com/news/3637737-copart-eps-beats-0_09-beats-on-revenue?utm_source=markets.businessinsider.com&utm_medium=referral
74,2/5/2021 4:03:14 PM,"Benzinga's Top Ratings Upgrades, Downgrades For February 5, 2021",Benzinga,/news/stocks/benzinga-s-top-ratings-upgrades-downgrades-for-february-5-2021-1030048829
75,2/12/2021 4:06:27 PM,"Benzinga's Top Ratings Upgrades, Downgrades For February 12, 2021",Benzinga,/news/stocks/benzinga-s-top-ratings-upgrades-downgrades-for-february-12-2021-1030078187
76,2/12/2021 5:31:08 PM,"Copart upgraded at Stephens, seeing global salvage growth ahead",Seeking Alpha,https://seekingalpha.com/news/3661787-copart-upgraded-at-stephens-seeing-global-salvage-growth-ahead?utm_source=markets.businessinsider.com&utm_medium=referral
77,2/16/2021 3:01:35 PM,Copart earnings preview: what Wall Street is expecting,Markets Insider Automation,/news/stocks/copart-q2-quarterly-earnings-preview-stock-1030087287
78,2/17/2021 10:35:43 PM,Notable earnings after Thursday's close,Seeking Alpha,https://seekingalpha.com/news/3662933-notable-earnings-after-thursdays-close?utm_source=markets.businessinsider.com&utm_medium=referral
79,2/17/2021 10:35:52 PM,Copart FQ2 2021 Earnings Preview,Seeking Alpha,https://seekingalpha.com/news/3662999-copart-fq2-2021-earnings-preview?utm_source=markets.businessinsider.com&utm_medium=referral
80,2/18/2021 9:36:46 PM,"Copart EPS in-line, misses on revenue",Seeking Alpha,https://seekingalpha.com/news/3663706-copart-eps-in-line-misses-on-revenue?utm_source=markets.businessinsider.com&utm_medium=referral
81,2/18/2021 11:28:19 PM,Copart Q2 Profit Rises ,RTTNews,/news/stocks/copart-q2-profit-rises-1030099298
82,2/19/2021 2:41:23 PM,Copart sluggish despite strong margins for FQ2,Seeking Alpha,https://seekingalpha.com/news/3663960-more-on-copart-fq2-earnings?utm_source=markets.businessinsider.com&utm_medium=referral
83,2/25/2021 2:05:42 PM,9 Stocks That Are Built to Help in a Natural Disaster,InvestorPlace,/news/stocks/9-stocks-to-buy-for-natural-disasters-1030124665
84,3/5/2021 11:01:00 PM,"IAA, Inc. -- Moody's announces completion of a periodic review of ratings of IAA, Inc.",Moodys,/news/bonds/iaa-inc-moody-s-announces-completion-of-a-periodic-review-of-ratings-of-iaa-inc-1030156285
85,5/18/2021 9:35:50 PM,Notable earnings after Wednesday's close,Seeking Alpha,https://seekingalpha.com/news/3697914-notable-earnings-after-wednesdays-close?utm_source=markets.businessinsider.com&utm_medium=referral
86,5/18/2021 9:35:57 PM,Copart FQ3 2021 Earnings Preview,Seeking Alpha,https://seekingalpha.com/news/3697935-copart-fq3-2021-earnings-preview?utm_source=markets.businessinsider.com&utm_medium=referral
87,5/19/2021 8:33:40 PM,"Copart EPS beats by $0.29, beats on revenue",Seeking Alpha,https://seekingalpha.com/news/3698437-copart-eps-beats-0_29-beats-on-revenue?utm_source=markets.businessinsider.com&utm_medium=referral
88,5/19/2021 11:25:17 PM,Copart Q3 Results Beat Street View; Shares Up 5% ,RTTNews,/news/stocks/copart-q3-results-beat-street-view-shares-up-5-1030448527
89,5/20/2021 1:50:35 PM,Copart rallies on strong margins for FQ3,Seeking Alpha,https://seekingalpha.com/news/3698683-copart-rallies-on-fq3-estimates-beat?utm_source=markets.businessinsider.com&utm_medium=referral
90,6/18/2021 9:14:00 PM,"Copart Opens New Location in Bismarck, North Dakota",PR Newswire,/news/stocks/copart-opens-new-location-in-bismarck-north-dakota-1030536405
91,9/6/2021 3:01:18 PM,Here's what Wall Street expects from Copart's earnings report,Markets Insider Automation,/news/stocks/copart-q4-quarterly-earnings-preview-1030782096
92,9/16/2021 3:47:00 AM,Copart Announces the Addition of Carl Sparks to Its Board of Directors,PR Newswire,/news/stocks/copart-announces-the-addition-of-carl-sparks-to-its-board-of-directors-1030803169
93,11/16/2021 3:01:13 PM,Copart is about to announce its earnings — here's what Wall Street expects,Markets Insider Automation,/news/stocks/copart-stock-quarter-earnings-preview-q1-1030980491
94,11/16/2021 10:35:05 PM,Notable earnings after Wednesday's close,Seeking Alpha,https://seekingalpha.com/news/3771476-notable-earnings-after-wednesdays-close?utm_source=markets.businessinsider.com&utm_medium=referral
95,11/16/2021 10:35:09 PM,Copart FQ1 2022 Earnings Preview,Seeking Alpha,https://seekingalpha.com/news/3771571-copart-fq1-2022-earnings-preview?utm_source=markets.businessinsider.com&utm_medium=referral
96,11/17/2021 9:50:11 PM,"Copart EPS beats by $0.07, beats on revenue",Seeking Alpha,https://seekingalpha.com/news/3772175-copart-eps-beats-0_07-beats-on-revenue?utm_source=markets.businessinsider.com&utm_medium=referral
97,11/17/2021 11:00:17 PM,"Copart, Inc. Q1 adjusted earnings Beat Estimates",RTTNews,/news/stocks/copart-inc-q1-adjusted-earnings-beat-estimates-1030985970
98,2/15/2022 3:01:13 PM,Copart is about to announce its earnings — here's what Wall Street expects,Markets Insider Automation,/news/stocks/copart-q2-quarterly-earnings-preview-1031195744
99,2/15/2022 10:35:06 PM,Notable earnings after Wednesday's close,Seeking Alpha,https://seekingalpha.com/news/3800129-notable-earnings-after-wednesdays-close?utm_source=markets.businessinsider.com&utm_medium=referral
100,2/15/2022 10:35:45 PM,Copart FQ2 2022 Earnings Preview,Seeking Alpha,https://seekingalpha.com/news/3800286-copart-fq2-2022-earnings-preview?utm_source=markets.businessinsider.com&utm_medium=referral
101,2/16/2022 10:24:45 PM,"Copart Non-GAAP EPS of $1.10 beats by $0.03, revenue of $867.46M beats by $60.47M",Seeking Alpha,https://seekingalpha.com/news/3801156-copart-non-gaap-eps-of-1_10-beats-0_03-revenue-of-867_46m-beats-60_47m?utm_source=markets.businessinsider.com&utm_medium=referral
102,2/16/2022 11:29:16 PM,"Copart, Inc. Q2 Profit Increases, beats estimates",RTTNews,/news/stocks/copart-inc-q2-profit-increases-beats-estimates-1031202522
103,3/15/2022 8:40:17 PM,IAA gains as activist holder calls for sale of company or CEO to be replaced (update),Seeking Alpha,https://seekingalpha.com/news/3813616-iaa-gains-as-activist-holder-calls-for-sale-of-company-or-ceo-to-be-replaced?utm_source=markets.businessinsider.com&utm_medium=referral
104,3/31/2022 1:13:00 AM,Copart Promotes Jeff Liaw to Co-Chief Executive Officer,PR Newswire,/news/stocks/copart-promotes-jeff-liaw-to-co-chief-executive-officer-1031320459
105,5/17/2022 3:01:13 PM,Copart earnings preview: what Wall Street is expecting,Markets Insider Automation,/news/stocks/copart-stock-price-quarter-earnings-preview-q3-1031468479
106,5/17/2022 9:35:21 PM,Notable earnings after Wednesday's close,Seeking Alpha,https://seekingalpha.com/news/3840018-notable-earnings-after-wednesdays-close?utm_source=markets.businessinsider.com&utm_medium=referral
107,5/17/2022 9:35:46 PM,Copart Q3 2022 Earnings Preview,Seeking Alpha,https://seekingalpha.com/news/3840062-copart-q3-2022-earnings-preview?utm_source=markets.businessinsider.com&utm_medium=referral
108,5/18/2022 9:57:52 PM,"PTGX, MNKD and AVGO are among after hour movers",Seeking Alpha,https://seekingalpha.com/news/3840708-ptgx-mnkd-and-avgo-are-among-after-hour-movers?utm_source=markets.businessinsider.com&utm_medium=referral
109,5/18/2022 10:16:26 PM,"Copart Non-GAAP EPS of $1.17 beats by $0.03, revenue of $939.94M beats by $76.98M",Seeking Alpha,https://seekingalpha.com/news/3840715-copart-non-gaap-eps-of-1_17-beats-0_03-revenue-of-939_94m-beats-76_98m?utm_source=markets.businessinsider.com&utm_medium=referral
110,5/19/2022 12:20:55 AM,"Copart, Inc. Q3 Profit Decreases, but beats estimates",RTTNews,/news/stocks/copart-inc-q3-profit-decreases-but-beats-estimates-1031473816
111,5/19/2022 12:26:14 PM,"Copart carries higher on strong sales, cost mitigation",Seeking Alpha,https://seekingalpha.com/news/3840885-copart-carries-higher-on-strong-sales-cost-mitigation?utm_source=markets.businessinsider.com&utm_medium=referral
112,5/20/2022 2:04:06 PM,10 Biggest Price Target Changes For Friday,Benzinga,/news/stocks/10-biggest-price-target-changes-for-friday-1031478445
113,6/19/2022 7:22:30 PM,Goldman touts stable stocks for this market; here is their rebalanced portfolio,Seeking Alpha,https://seekingalpha.com/news/3849808-goldman-touts-stable-stocks-for-this-market-here-is-their-rebalanced-portfolio?utm_source=businessinsider&utm_medium=referral
114,7/28/2022 10:53:33 AM,3 Blue-Chip Stocks to Buy for a Bear Market,InvestorPlace,/news/stocks/blue-chip-stocks-to-buy-for-a-bear-market-1031625068
115,9/6/2022 3:01:13 PM,Copart earnings preview: what Wall Street is expecting,Markets Insider Automation,/news/stocks/copart-q4-earnings-preview-stock-1031726280
116,9/6/2022 9:35:54 PM,Copart Q4 2022 Earnings Preview,Seeking Alpha,https://seekingalpha.com/news/3880513-copart-q4-2022-earnings-preview?utm_source=businessinsider&utm_medium=referral
117,9/6/2022 9:35:58 PM,Notable earnings after Wednesday's close,Seeking Alpha,https://seekingalpha.com/news/3880456-notable-earnings-after-wednesdays-close?utm_source=businessinsider&utm_medium=referral
118,9/7/2022 9:27:53 PM,"Copart Non-GAAP EPS of $1.13 beats by $0.03, revenue of $883.39M beats by $9.26M",Seeking Alpha,https://seekingalpha.com/news/3881043-copart-non-gaap-eps-of-1_13-beats-0_03-revenue-of-883_39m-beats-9_26m?utm_source=businessinsider&utm_medium=referral
119,9/7/2022 11:38:30 PM,"Copart, Inc. Q4 Profit Increases, beats estimates",RTTNews,/news/stocks/copart-inc-q4-profit-increases-beats-estimates-1031730587
120,9/8/2022 4:39:13 PM,Copart stock dips as margin disappoints,Seeking Alpha,https://seekingalpha.com/news/3881314-copart-stock-dips-as-margin-disappoints?utm_source=businessinsider&utm_medium=referral
121,9/26/2022 12:53:26 PM,"ATCO, CPRT and TEN among pre market gainers",Seeking Alpha,https://seekingalpha.com/news/3886006-atco-cprt-and-ten-among-pre-market-gainers?utm_source=businessinsider&utm_medium=referral
122,10/10/2022 1:03:29 PM,"Pre-market Movers: HRMY, MPTI, LUCY, NURO, ACMR… ",RTTNews,/news/stocks/pre-market-movers-hrmy-mpti-lucy-nuro-acmr-1031792760
123,11/4/2022 11:32:20 AM,Today’s Biggest Pre-Market Stock Movers: 10 Top Gainers and Losers on Friday,InvestorPlace,/news/stocks/todays-biggest-pre-market-stock-movers-10-top-gainers-and-losers-on-friday-nov-4-1031875503
124,11/4/2022 5:55:18 PM,CPRT and LUNG among mid-day movers,Seeking Alpha,https://seekingalpha.com/news/3902229-cprt-and-lung-among-mid-day-movers?utm_source=businessinsider&utm_medium=referral
125,11/11/2022 2:05:00 PM,"Copart Releases 2023 Report on Environmental, Social and Governance Efforts",PR Newswire,/news/stocks/copart-releases-2023-report-on-environmental-social-and-governance-efforts-1031904433
126,11/15/2022 3:01:13 PM,What Wall Street expects from Copart's earnings,Markets Insider Automation,/news/stocks/copart-stock-price-quarter-earnings-preview-q1-1031915116
127,11/15/2022 10:35:46 PM,Copart FQ1 2023 Earnings Preview,Seeking Alpha,https://seekingalpha.com/news/3908167-copart-fq1-2023-earnings-preview?utm_source=businessinsider&utm_medium=referral
128,11/15/2022 10:35:48 PM,Notable earnings after Wednesday's close,Seeking Alpha,https://seekingalpha.com/news/3908036-notable-earnings-after-wednesdays-close?utm_source=businessinsider&utm_medium=referral
129,11/17/2022 12:34:00 AM,"Copart, Inc. Q1 Earnings Summary",RTTNews,/news/stocks/copart-inc-q1-earnings-summary-1031920344
130,11/17/2022 5:36:42 AM,"Copart Non-GAAP EPS of $0.51, revenue of $893.37M",Seeking Alpha,https://seekingalpha.com/news/3908980-copart-non-gaap-eps-of-051-revenue-of-89337m?utm_source=businessinsider&utm_medium=referral
131,11/18/2022 4:45:13 AM,Robert W. Baird Keeps Their Buy Rating on Copart (CPRT),TipRanks,/news/stocks/robert-w-baird-keeps-their-buy-rating-on-copart-cprt-1031924245
132,11/18/2022 7:15:16 PM,Barrington Sticks to Its Hold Rating for Copart (CPRT),TipRanks,/news/stocks/barrington-sticks-to-its-hold-rating-for-copart-cprt-1031926278
133,12/3/2022 1:15:00 PM,Copart Announces Hiring of New Chief Financial Officer and Chief Legal Officer,PR Newswire,/news/stocks/copart-announces-hiring-of-new-chief-financial-officer-and-chief-legal-officer-1031951364
134,2/17/2023 9:04:30 PM,"Earnings week ahead: Walmart, Nvidia, Home Depot, Alibaba and more",Seeking Alpha,https://seekingalpha.com/news/3937816-earnings-week-ahead-walmart-nvidia-home-depot-alibaba-and-more?utm_source=businessinsider&utm_medium=referral
135,2/19/2023 10:35:00 PM,Copart Q2 2023 Earnings Preview,Seeking Alpha,https://seekingalpha.com/news/3937803-copart-q2-2023-earnings-preview?utm_source=businessinsider&utm_medium=referral
136,2/19/2023 10:35:54 PM,Notable earnings after Monday's close,Seeking Alpha,https://seekingalpha.com/news/3937888-notable-earnings-after-mondays-close?utm_source=businessinsider&utm_medium=referral
137,2/20/2023 10:32:25 PM,"Copart Non-GAAP EPS of $0.61 beats by $0.03, revenue of $956.72M beats by $25.26M",Seeking Alpha,https://seekingalpha.com/news/3938122-copart-non-gaap-eps-of-0_61-beats-0_03-revenue-of-956_72m-beats-25_26m?utm_source=businessinsider&utm_medium=referral
138,2/21/2023 2:53:03 AM,Copart Q2 Results Top Estimates ,RTTNews,/news/stocks/copart-q2-results-top-estimates-1032109800
139,2/21/2023 4:30:34 PM,"Analysts Are Bullish on These Services Stocks: Copart (CPRT), Healthcare Services (HCSG)",TipRanks,/news/stocks/analysts-are-bullish-on-these-services-stocks-copart-cprt-healthcare-services-hcsg-1032112460
140,2/21/2023 8:25:06 PM,Copart (CPRT) Receives a Rating Update from a Top Analyst,TipRanks,/news/stocks/copart-cprt-receives-a-rating-update-from-a-top-analyst-1032112938
141,3/2/2023 9:52:44 PM,IAA-Ritchie deal has 70% chance of getting support from proxy advisors - analyst,Seeking Alpha,https://seekingalpha.com/news/3943661-iaa-ritchie-deal-has-70-chance-of-getting-support-from-proxy-advisors-analyst?utm_source=businessinsider&utm_medium=referral
142,3/15/2023 2:34:20 PM,"Department store, furniture spending slides as retail sales slow",Seeking Alpha,https://seekingalpha.com/news/3947707-department-store-furniture-spending-slides-as-retail-sales-slow?utm_source=businessinsider&utm_medium=referral
143,5/1/2023 5:00:43 PM,"Benzinga's Top Ratings Upgrades, Downgrades For May 1, 2023",Benzinga,/news/stocks/benzinga-s-top-ratings-upgrades-downgrades-for-may-1-2023-1032278640
144,5/12/2023 6:07:49 PM,"Earnings Week Ahead: Walmart, Home Depot, Alibaba, Cisco, and more",Seeking Alpha,https://seekingalpha.com/news/3970929-earnings-week-ahead-walmart-home-depot-alibaba-cisco-and-more?utm_source=businessinsider&utm_medium=referral
145,5/15/2023 9:35:21 PM,Notable earnings after Tuesday's close,Seeking Alpha,https://seekingalpha.com/news/3971423-notable-earnings-after-tuesdays-close?utm_source=businessinsider&utm_medium=referral
146,5/15/2023 9:43:31 PM,Copart Q3 2023 Earnings Preview,Seeking Alpha,https://seekingalpha.com/news/3971798-copart-q3-2023-earnings-preview?utm_source=businessinsider&utm_medium=referral
147,5/17/2023 8:17:13 PM,"Copart Non-GAAP EPS of $0.72 beats by $0.08, revenue of $1.02B beats by $10M",Seeking Alpha,https://seekingalpha.com/news/3972761-copart-non-gaap-eps-of-0_72-beats-0_08-revenue-of-1_02b-beats-10m?utm_source=businessinsider&utm_medium=referral
148,5/17/2023 10:16:46 PM,"Copart, Inc. Q3 Profit Increases, beats estimates",RTTNews,/news/stocks/copart-inc-q3-profit-increases-beats-estimates-1032336034
149,5/18/2023 12:30:51 PM,"Analysts Offer Insights on Services Companies: Jack In The Box (JACK), Bowlero Corp. Class A (BOWL) and Copart (CPRT)",TipRanks,/news/stocks/analysts-offer-insights-on-services-companies-jack-in-the-box-jack-bowlero-corp-class-a-bowl-and-copart-cprt-1032337422
150,5/18/2023 2:04:13 PM,Where Copart Stands With Analysts,Benzinga,/news/stocks/where-copart-stands-with-analysts-1032337256
151,5/18/2023 4:25:13 PM,Copart (CPRT) Receives a Buy from Stephens,TipRanks,/news/stocks/copart-cprt-receives-a-buy-from-stephens-1032338073
152,5/22/2023 3:25:20 PM,Copart (CPRT) Receives a Rating Update from a Top Analyst,TipRanks,/news/stocks/copart-cprt-receives-a-rating-update-from-a-top-analyst-1032343087
153,5/30/2023 2:18:25 PM,Jefferies taps small- and mid-cap stocks that rank well on all factors,Seeking Alpha,https://seekingalpha.com/news/3975584-jefferies-taps-small-and-mid-cap-stocks-that-rank-well-on-all-factors?utm_source=businessinsider&utm_medium=referral
154,6/8/2023 11:37:43 AM,Here’s Why the QQQ ETF Could Be a Great Pick,TipRanks,/news/stocks/here-s-why-the-qqq-etf-could-be-a-great-pick-1032378173
155,6/9/2023 1:21:31 AM,Want to Invest in Republican or Democratic Stocks? Check Out These 2 ETFs,TipRanks,/news/stocks/want-to-invest-in-republican-or-democratic-stocks-check-out-these-2-etfs-1032379619
156,6/21/2023 8:15:40 AM,Here’s Why the Invesco QQQ Trust ETF is Appealing,TipRanks,/news/stocks/here-s-why-the-invesco-qqq-trust-etf-is-appealing-1032400982
157,7/11/2023 2:46:45 PM,Goldman Sachs Predicts Extended Disinflation: These 3 Consumer Categories Could See Significant Price Drops,Benzinga,/news/stocks/goldman-sachs-predicts-extended-disinflation-these-3-consumer-categories-could-see-significant-price-drops-1032437781
158,8/25/2023 10:50:47 AM,Wall Street Analysts Are Bullish on Top Industrial Goods Picks,TipRanks,/news/stocks/wall-street-analysts-are-bullish-on-top-industrial-goods-picks-1032582310
159,9/8/2023 10:15:41 PM,"Oil Climbs, iPhone Faces China Ban, UAW Strike Looms: The Week In The Markets",Benzinga,/news/etf/oil-climbs-iphone-faces-china-ban-uaw-strike-looms-the-week-in-the-markets-1032617238
160,9/10/2023 2:43:13 PM,"Earnings week ahead: Oracle, Adobe, FuelCell, Lennar and more",Seeking Alpha,https://seekingalpha.com/news/4010252-earnings-week-ahead-oracle-adobe-fuelcell-energy-lennar-and-more?utm_source=businessinsider&utm_medium=referral&feed_item_type=news
161,9/13/2023 9:35:17 PM,Notable earnings after Thursday's close,Seeking Alpha,https://seekingalpha.com/news/4011354-notable-earnings-after-thursdays-close?utm_source=businessinsider&utm_medium=referral&feed_item_type=news
162,9/14/2023 9:28:37 AM,Investor Sentiment Declines Further Following Inflation Data,Benzinga,/news/stocks/investor-sentiment-declines-further-following-inflation-data-1032629228
163,9/14/2023 10:20:39 AM,"Adobe, Semtech And 3 Stocks To Watch Heading Into Thursday",Benzinga,/news/stocks/adobe-semtech-and-3-stocks-to-watch-heading-into-thursday-1032629514
164,9/14/2023 2:45:00 PM,Copart hosts conference call for investors,Markets Insider Automation,/news/stocks/copart_conference-1030446412
165,9/14/2023 10:18:03 PM,"Copart, Inc. Q4 Profit Increases, beats estimates",RTTNews,/news/stocks/copart-inc-q4-profit-increases-beats-estimates-1032631892
166,9/15/2023 9:03:17 AM,"Adobe, Copart And 3 Stocks To Watch Heading Into Friday",Benzinga,/news/stocks/adobe-copart-and-3-stocks-to-watch-heading-into-friday-1032632533
167,9/18/2023 10:11:01 AM,"Analysts Offer Insights on Industrial Goods Companies: Atmus Filtration Technologies, Inc. (ATMU) and Copart (CPRT)",TipRanks,/news/stocks/analysts-offer-insights-on-industrial-goods-companies-atmus-filtration-technologies-inc-atmu-and-copart-cprt-1032636324
168,9/18/2023 1:15:12 PM,Copart (CPRT) Receives a Rating Update from a Top Analyst,TipRanks,/news/stocks/copart-cprt-receives-a-rating-update-from-a-top-analyst-1032637095
169,10/10/2023 1:03:00 PM,Copart Announces Investment in Heavy Equipment Auction Company Purple Wave,PR Newswire,/news/stocks/copart-announces-investment-in-heavy-equipment-auction-company-purple-wave-1032691795
170,10/17/2023 4:12:24 PM,3 Tremendous Stock-Split Stocks for the Q4 Rebound,InvestorPlace,/news/stocks/3-tremendous-stock-split-stocks-for-the-q4-rebound-1032713651
171,11/15/2023 3:01:13 PM,Here's what Wall Street expects from Copart's earnings,Markets Insider Automation,/news/stocks/copart-stock-q1-earnings-preview-1032822997
172,11/16/2023 10:22:14 PM,"Copart, Inc. Reports Climb In Q1 Income, Beats estimates",RTTNews,/news/stocks/copart-inc-reports-climb-in-q1-income-beats-estimates-1032829260
173,11/17/2023 3:16:06 PM,Strong Performance and Market Opportunities Elevate Copart to a Buy Rating,TipRanks,/news/stocks/strong-performance-and-market-opportunities-elevate-copart-to-a-buy-rating-1032833008
174,11/20/2023 8:15:30 PM,Hold Rating Issued on Copart: A Detailed Analysis of Q1/24 Financial Results and Performance Indicators,TipRanks,/news/stocks/hold-rating-issued-on-copart-a-detailed-analysis-of-q1-24-financial-results-and-performance-indicators-1032837986
175,11/29/2023 6:09:52 PM,Caution! These 3 Stocks Are Overbought After the November Rally.,InvestorPlace,/news/stocks/caution-these-3-stocks-are-overbought-after-the-november-rally-1032859751
176,1/25/2024 7:29:14 PM,Machinery Masters: 3 Industrial Stocks to Buy for Robust Returns,InvestorPlace,/news/stocks/machinery-masters-3-industrial-stocks-to-buy-for-robust-returns-1032998320
177,2/17/2024 5:40:00 AM,The 3 Most Promising Stocks to Invest in Before They Take Off,InvestorPlace,/news/stocks/the-3-most-promising-stocks-to-invest-in-before-they-take-off-1033077867
178,2/21/2024 3:01:13 PM,Here's what Wall Street expects from Copart's earnings,Markets Insider Automation,/news/stocks/copart-quarter-earnings-preview-q2-1033087859
179,2/21/2024 10:35:53 PM,Copart Q2 2024 Earnings Preview,Seeking Alpha,https://seekingalpha.com/news/4069763-copart-q2-2024-earnings-preview?utm_source=businessinsider&utm_medium=referral&feed_item_type=news
180,2/22/2024 9:21:09 PM,"Copart GAAP EPS of $0.33 misses by $0.01, revenue of $1.02B misses by $10M",Seeking Alpha,https://seekingalpha.com/news/4070642-copart-gaap-eps-of-0_33-misses-0_01-revenue-of-1_02b-misses-10m?utm_source=businessinsider&utm_medium=referral&feed_item_type=news
181,2/22/2024 10:22:52 PM,"Copart, Inc. Profit Advances In Q2, but misses estimates",RTTNews,/news/stocks/copart-inc-profit-advances-in-q2-but-misses-estimates-1033094890
182,2/23/2024 10:50:11 AM,"Ardelyx Posts Q4 Loss, Joins MercadoLibre, Booking Holdings And Other Big Stocks Moving Lower In Friday's Pre-Market Session",Benzinga,/news/stocks/ardelyx-posts-q4-loss-joins-mercadolibre-booking-holdings-and-other-big-stocks-moving-lower-in-friday-s-pre-market-session-1033096670
183,2/23/2024 1:26:16 PM,Copart’s Growth and Resilience Fuel Buy Rating Despite Minor Earnings Miss,TipRanks,/news/stocks/copart-s-growth-and-resilience-fuel-buy-rating-despite-minor-earnings-miss-1033098427
184,2/26/2024 4:40:42 AM,"Analysts Offer Insights on Industrial Goods Companies: Verisk Analytics (VRSK), Copart (CPRT) and Pool (POOL)",TipRanks,/news/stocks/analysts-offer-insights-on-industrial-goods-companies-verisk-analytics-vrsk-copart-cprt-and-pool-pool-1033101070
185,2/26/2024 5:55:17 PM,Barrington Remains a Hold on Copart (CPRT),TipRanks,/news/stocks/barrington-remains-a-hold-on-copart-cprt-1033104341
186,3/11/2024 9:28:46 PM,Copart Appoints Jeff Liaw As Sole CEO ,RTTNews,/news/stocks/copart-appoints-jeff-liaw-as-sole-ceo-1033152542
187,3/13/2024 6:20:19 AM,Analysts Offer Insights on Industrial Goods Companies: Copart (CPRT) and Gates Industrial (GTES),TipRanks,/news/stocks/analysts-offer-insights-on-industrial-goods-companies-copart-cprt-and-gates-industrial-gtes-1033158552
188,3/15/2024 1:50:13 PM,Top 5 Industrials Stocks That May Fall Off A Cliff In Q1,Benzinga,/news/stocks/top-5-industrials-stocks-that-may-fall-off-a-cliff-in-q1-1033167983
189,4/3/2024 12:00:00 PM,"From $50 to $50,000: 3 Stocks Under $100 That Could Skyrocket Your Wealth by 2026",InvestorPlace,/news/stocks/from-50-to-50000-3-stocks-under-100-that-could-skyrocket-your-wealth-by-2026-1033218681
190,4/4/2024 12:00:00 PM,"Double Your Shares, Double Your Gains: 3 Stock Split Plays for 2024",InvestorPlace,/news/stocks/double-your-shares-double-your-gains-3-stock-split-plays-for-2024-1033222184
191,4/23/2024 4:37:42 PM,Uncover Hidden Gems: 3 Silent Stocks Poised for Exponential Growth,InvestorPlace,/news/stocks/uncover-hidden-gems-3-silent-stocks-poised-for-exponential-growth-1033277435
192,5/15/2024 3:01:13 PM,Copart earnings preview: what Wall Street is expecting,Markets Insider Automation,/news/stocks/copart-stock-price-q3-earnings-preview-1033384275
193,5/15/2024 9:35:13 PM,Notable earnings after Thursday's close,Seeking Alpha,https://seekingalpha.com/news/4106483-notable-earnings-after-thursdays-close?utm_source=businessinsider&utm_medium=referral&feed_item_type=news
194,5/15/2024 9:35:33 PM,Copart Q3 2024 Earnings Preview,Seeking Alpha,https://seekingalpha.com/news/4106779-copart-q3-2024-earnings-preview?utm_source=businessinsider&utm_medium=referral&feed_item_type=news
195,5/16/2024 7:44:34 PM,"Dow Jones Hits 40,000, Chinese Tech Stocks Jump To 15-Month Highs, Bloodbath On Meme Stocks: What's Driving Markets Thursday?",Benzinga,/news/etf/dow-jones-hits-40-000-chinese-tech-stocks-jump-to-15-month-highs-bloodbath-on-meme-stocks-what-s-driving-markets-thursday-1033394713
196,5/16/2024 8:22:50 PM,"Copart GAAP EPS of $0.39 in-line, revenue of $1.13B beats by $20M",Seeking Alpha,https://seekingalpha.com/news/4107726-copart-gaap-eps-of-0_39-in-line-revenue-of-1_13b-beats-20m?utm_source=businessinsider&utm_medium=referral&feed_item_type=news
197,5/16/2024 10:24:05 PM,"Copart, Inc. Q3 Income Increases In Line With Estimates ",RTTNews,/news/stocks/copart-inc-q3-income-increases-in-line-with-estimates-1033395047
198,5/17/2024 12:53:00 AM,"CPRT Stock Earnings: Copart Beats EPS, Beats Revenue for Q3 2024",InvestorPlace,/news/stocks/cprt-stock-earnings-copart-for-q3-of-2024-1033395329
199,5/17/2024 9:40:31 AM,Analysts Offer Insights on Industrial Goods Companies: Copart (CPRT) and EasyJet (OtherEJTTF),TipRanks,/news/stocks/analysts-offer-insights-on-industrial-goods-companies-copart-cprt-and-easyjet-otherejttf-1033399041
200,5/17/2024 1:35:00 PM,"4 stocks to watch on Friday: AMAT, HOOD and more",Seeking Alpha,https://seekingalpha.com/news/4107934-4-stocks-to-watch-on-friday-amat-hood-and-more?utm_source=businessinsider&utm_medium=referral&feed_item_type=news
201,5/20/2024 6:17:18 AM,Copart’s Market Dominance and Growth Trajectory Affirm Buy Rating,TipRanks,/news/stocks/copart-s-market-dominance-and-growth-trajectory-affirm-buy-rating-1033402699
202,5/23/2024 3:55:31 PM,Copart’s Stable Performance and Growth Potential Amid Margin Pressures Justify Hold Rating,TipRanks,/news/stocks/copart-s-stable-performance-and-growth-potential-amid-margin-pressures-justify-hold-rating-1033417249
203,5/24/2024 4:43:11 PM,3 Transportation Stocks to Buy Now: May 2024,InvestorPlace,/news/stocks/3-transportation-stocks-to-buy-now-may-2024-1033420870
204,5/31/2024 5:07:08 PM,MULN Stock Alert: Mullen Automotive Hires New Head of Europe Sales,InvestorPlace,/news/stocks/muln-stock-alert-mullen-automotive-hires-new-head-of-europe-sales-1033442358
205,6/21/2024 1:00:00 PM,3 Nasdaq Stocks to Sell in June Before They Crash & Burn,InvestorPlace,/news/stocks/3-nasdaq-stocks-to-sell-in-june-before-they-crash-burn-1033495971
206,8/30/2024 1:25:51 PM,Copart (CPRT) Receives a Rating Update from a Top Analyst,TipRanks,/news/stocks/copart-cprt-receives-a-rating-update-from-a-top-analyst-1033737533
207,8/31/2024 2:44:00 PM,Over 70% of companies that reported earnings this week beat profit estimates - Earnings Scorecard,Seeking Alpha,https://seekingalpha.com/news/4145604-over-70-of-companies-that-reported-earnings-this-week-beat-profit-estimates-earnings-scorecard?utm_source=businessinsider&utm_medium=referral&feed_item_type=news
208,9/1/2024 12:02:00 PM,"Earnings week ahead: Zscaler, DocuSign, NIO, Broadcom and more",Seeking Alpha,https://seekingalpha.com/news/4145533-earnings-week-ahead-zscaler-docusign-nio-broadcom-and-more?utm_source=businessinsider&utm_medium=referral&feed_item_type=news
209,9/3/2024 3:01:13 PM,Here's what Wall Street expects from Copart's earnings,Markets Insider Automation,/news/stocks/copart-q4-earnings-preview-stock-1033743514
210,9/3/2024 9:35:03 PM,Copart Q4 2024 Earnings Preview,Seeking Alpha,https://seekingalpha.com/news/4146359-copart-q4-2024-earnings-preview?utm_source=businessinsider&utm_medium=referral&feed_item_type=news
211,9/4/2024 2:00:00 PM,Here's the major earnings after the close today,Seeking Alpha,https://seekingalpha.com/news/4146059-heres-the-major-earnings-after-the-close-today?utm_source=businessinsider&utm_medium=referral&feed_item_type=news
212,9/4/2024 8:35:26 PM,"Copart GAAP EPS of $0.33 misses by $0.04, revenue of $1.07B in-line",Seeking Alpha,https://seekingalpha.com/news/4147061-copart-gaap-eps-of-0_33-misses-0_04-revenue-of-1_76b-beats-690m?utm_source=businessinsider&utm_medium=referral&feed_item_type=news
213,9/4/2024 10:46:30 PM,"Copart, Inc. Profit Drops In Q4 ",RTTNews,/news/stocks/copart-inc-profit-drops-in-q4-1033748835
214,9/5/2024 8:59:29 AM,Copart shares drop 6% premarket as Q4 profit misses estimates on higher costs,Seeking Alpha,https://seekingalpha.com/news/4147135-copart-shares-drop-6-premarket-as-q2-profit-misses-estimates?utm_source=businessinsider&utm_medium=referral&feed_item_type=news
215,9/5/2024 2:00:01 PM,"Biggest stock movers today: TSLA, FYBR, CHPT, AI, and more",Seeking Alpha,https://seekingalpha.com/news/4147132-biggest-stock-movers-today-ftv-chpt-ai-and-more?utm_source=businessinsider&utm_medium=referral&feed_item_type=news
216,9/5/2024 7:05:45 PM,Barrington Reaffirms Their Hold Rating on Copart (CPRT),TipRanks,/news/stocks/barrington-reaffirms-their-hold-rating-on-copart-cprt-1033752212
217,9/7/2024 4:47:00 PM,3 out of 5 companies miss revenue estimates this week - Earnings Scorecard,Seeking Alpha,https://seekingalpha.com/news/4147719-3-out-of-5-companies-miss-revenue-estimates-this-week-earnings-scorecard?utm_source=businessinsider&utm_medium=referral&feed_item_type=news
218,11/10/2024 1:01:00 PM,"Earnings week ahead: DIS, BABA, JD, CSCO, HD, OXY, SU, SHOP, AMAT, SPOT, and more",Seeking Alpha,https://seekingalpha.com/news/4266102-earnings-week-ahead-dis-baba-jd-csco-hd-oxy-su-shop-amat-spot-and-more?utm_source=businessinsider&utm_medium=referral&feed_item_type=news
219,11/18/2024 5:09:38 AM,"Earnings week ahead: NVDA, WMT, SNOW, TGT, BIDU, NIO, ZIM, and more",Seeking Alpha,https://seekingalpha.com/news/4294740-earnings-week-ahead-nvda-wmt-snow-tgt-bidu-nio-zim-and-more?utm_source=businessinsider&utm_medium=referral&feed_item_type=news
220,11/19/2024 12:08:08 PM,Copart (CPRT) Receives a Hold from J.P. Morgan,TipRanks,/news/stocks/copart-cprt-receives-a-hold-from-j-p-morgan-1034037309
221,11/19/2024 12:16:34 PM,Copart price target raised to $60 from $55 at JPMorgan,TipRanks,/news/stocks/copart-price-target-raised-to-60-from-55-at-jpmorgan-1034037452
222,11/20/2024 10:35:15 PM,Copart Q1 2025 Earnings Preview,Seeking Alpha,https://seekingalpha.com/news/4312554-copart-q1-2025-earnings-preview?utm_source=businessinsider&utm_medium=referral&feed_item_type=news
223,11/21/2024 3:00:00 PM,Here are the major earnings after the close today,Seeking Alpha,https://seekingalpha.com/news/4311671-here-are-the-major-earnings-after-the-close-today?utm_source=businessinsider&utm_medium=referral&feed_item_type=news
224,11/21/2024 7:05:07 PM,Copart options imply 4.1% move in share price post-earnings,TipRanks,/news/stocks/copart-options-imply-4-1-move-in-share-price-post-earnings-1034051505
225,11/21/2024 9:18:35 PM,"Copart GAAP EPS of $0.37 in-line, revenue of $1.15B beats by $50M",Seeking Alpha,https://seekingalpha.com/news/4318884-copart-gaap-eps-of-0_37-in-line-revenue-of-1_15b-beats-50m?utm_source=businessinsider&utm_medium=referral&feed_item_type=news
226,11/21/2024 9:21:01 PM,"Copart reports Q1 EPS 37c, consensus 37c",TipRanks,/news/stocks/copart-reports-q1-eps-37c-consensus-37c-1034051701
227,11/21/2024 10:39:32 PM,"Copart, Inc. Q1 Income Increases In Line With Estimates ",RTTNews,/news/stocks/copart-inc-q1-income-increases-in-line-with-estimates-1034051441
228,11/22/2024 4:01:38 AM,Copart’s Strong Q1 Results Highlight Growth,TipRanks,/news/stocks/copart-s-strong-q1-results-highlight-growth-1034052977
229,11/22/2024 11:35:16 AM,Copart price target raised to $62 from $56 at Baird,TipRanks,/news/stocks/copart-price-target-raised-to-62-from-56-at-baird-1034054941
230,11/22/2024 2:55:11 PM,Early notable gainers among liquid option names on November 22nd,TipRanks,/news/stocks/early-notable-gainers-among-liquid-option-names-on-november-22nd-1034056310
231,11/27/2024 2:15:40 PM,"Copart Q1 Performance: Solid Revenue Growth Amid Cost Challenges, Hold Rating Maintained",TipRanks,/news/stocks/copart-q1-performance-solid-revenue-growth-amid-cost-challenges-hold-rating-maintained-1034072791
